source,ra,ha,dec,date1,time1,date2,time2,int,type,weight,beam,switch_type,freqmode,centfreq,template
S2152+4114,21:52:30,,+41:14:27,2019-07-11,20:19:03,2019-07-12,07:49:03,30,T,compound,0,-,300,1280,/opt/apertif/share/parsets/parset_start_observation_atdb_SubbandPhaseCorrection.template
M1403+5324,14:03:24,,+53:24:05,2019-07-12,12:17:40,2019-07-12,23:47:40,30,T,compound,0,-,300,1280,/opt/apertif/share/parsets/parset_start_observation_atdb_SubbandPhaseCorrection.template
M0155+3130,01:55:19,,+31:30:45,2019-07-13,00:07:40,2019-07-13,11:37:40,30,T,compound,0,-,300,1280,/opt/apertif/share/parsets/parset_start_observation_atdb_SubbandPhaseCorrection.template
S2323+2904,23:23:44,,+29:04:49,2019-07-13,21:55:59,2019-07-14,09:25:59,30,T,compound,0,-,300,1280,/opt/apertif/share/parsets/parset_start_observation_atdb_SubbandPhaseCorrection.template
S1444+5058,14:44:15,,+50:58:09,2019-07-14,13:00:57,2019-07-15,00:30:57,30,T,compound,0,-,300,1280,/opt/apertif/share/parsets/parset_start_observation_atdb_SubbandPhaseCorrection.template
S2146+4340,21:46:04,,+43:40:23,2019-07-18,19:36:00,2019-07-19,07:06:00,30,T,compound,0,-,300,1280,/opt/apertif/share/parsets/parset_start_observation_atdb_SubbandPhaseCorrection.template
S1242+5058,12:42:48,,+50:58:09,2019-07-19,10:40:39,2019-07-19,22:10:39,30,T,compound,0,-,300,1280,/opt/apertif/share/parsets/parset_start_observation_atdb_SubbandPhaseCorrection.template
M0155+3130,01:55:19,,+31:30:45,2019-07-19,23:40:39,2019-07-20,11:10:39,30,T,compound,0,-,300,1280,/opt/apertif/share/parsets/parset_start_observation_atdb_SubbandPhaseCorrection.template
S2336+2904,23:36:22,,+29:04:49,2019-07-20,21:25:09,2019-07-21,08:55:09,30,T,compound,0,-,300,1280,/opt/apertif/share/parsets/parset_start_observation_atdb_SubbandPhaseCorrection.template
S1426+5058,14:26:54,,+50:58:09,2019-07-21,12:29:42,2019-07-21,23:59:42,30,T,compound,0,-,300,1280,/opt/apertif/share/parsets/parset_start_observation_atdb_SubbandPhaseCorrection.template
M0208+3130,02:08:17,,+31:30:45,2019-07-22,00:11:32,2019-07-22,11:41:32,30,T,compound,0,-,300,1280,/opt/apertif/share/parsets/parset_start_observation_atdb_SubbandPhaseCorrection.template
S1236+6041,12:36:55,,+60:41:51,2019-07-25,10:05:51,2019-07-25,21:35:51,30,T,compound,0,-,300,1280,/opt/apertif/share/parsets/parset_start_observation_atdb_SubbandPhaseCorrection.template
M0155+3130,01:55:19,,+31:30:45,2019-07-25,23:15:51,2019-07-26,10:45:51,30,T,compound,0,-,300,1280,/opt/apertif/share/parsets/parset_start_observation_atdb_SubbandPhaseCorrection.template
S2319+3130,23:19:38,,+31:30:45,2019-07-26,21:04:07,2019-07-27,08:34:07,30,T,compound,0,-,300,1280,/opt/apertif/share/parsets/parset_start_observation_atdb_SubbandPhaseCorrection.template
S1439+5324,14:39:51,,+53:24:05,2019-07-27,12:09:05,2019-07-27,23:39:05,30,T,compound,0,-,300,1280,/opt/apertif/share/parsets/parset_start_observation_atdb_SubbandPhaseCorrection.template
M0208+3356,02:08:39,,+33:56:40,2019-07-27,23:50:45,2019-07-28,11:20:45,30,T,compound,0,-,300,1280,/opt/apertif/share/parsets/parset_start_observation_atdb_SubbandPhaseCorrection.template
S2258+2904,22:58:28,,+29:04:49,2019-07-28,20:14:43,2019-07-29,07:44:43,30,T,compound,0,-,300,1280,/opt/apertif/share/parsets/parset_start_observation_atdb_SubbandPhaseCorrection.template
S2227+3130,22:27:45,,+31:30:45,2019-07-31,19:48:53,2019-08-01,07:18:53,30,T,compound,0,-,300,1280,/opt/apertif/share/parsets/parset_start_observation_atdb_SubbandPhaseCorrection.template
S2311+2904,23:11:06,,+29:04:49,2019-08-06,19:49:19,2019-08-07,07:19:19,30,T,compound,0,-,300,1280,/opt/apertif/share/parsets/parset_start_observation_atdb_SubbandPhaseCorrection.template
M1403+5324,14:03:24,,+53:24:05,2019-08-07,10:53:54,2019-08-07,22:23:54,30,T,compound,0,-,300,1280,/opt/apertif/share/parsets/parset_start_observation_atdb_SubbandPhaseCorrection.template
M0155+3130,01:55:19,,+31:30:45,2019-08-07,22:35:53,2019-08-08,10:05:53,30,T,compound,0,-,300,1280,/opt/apertif/share/parsets/parset_start_observation_atdb_SubbandPhaseCorrection.template
S2306+3130,23:06:40,,+31:30:45,2019-08-08,19:59:58,2019-08-09,07:29:58,30,T,compound,0,-,300,1280,/opt/apertif/share/parsets/parset_start_observation_atdb_SubbandPhaseCorrection.template
S1421+5324,14:21:37,,+53:24:05,2019-08-09,11:04:51,2019-08-09,22:34:51,30,T,compound,0,-,300,1280,/opt/apertif/share/parsets/parset_start_observation_atdb_SubbandPhaseCorrection.template
M0155+3130,01:55:19,,+31:30:45,2019-08-09,22:46:35,2019-08-10,10:16:35,30,T,compound,0,-,300,1280,/opt/apertif/share/parsets/parset_start_observation_atdb_SubbandPhaseCorrection.template
S2253+3130,22:53:41,,+31:30:45,2019-08-10,19:34:29,2019-08-11,07:04:29,30,T,compound,0,-,300,1280,/opt/apertif/share/parsets/parset_start_observation_atdb_SubbandPhaseCorrection.template
S1025+5550,10:25:24,,+55:50:00,2019-08-22,05:58:00,2019-08-22,17:28:00,30,T,compound,0,-,300,1280,/opt/apertif/share/parsets/parset_start_observation_atdb_SubbandPhaseCorrection.template
S2204+3848,22:04:03,,+38:48:32,2019-08-22,17:39:48,2019-08-23,05:09:48,30,T,compound,0,-,300,1280,/opt/apertif/share/parsets/parset_start_observation_atdb_SubbandPhaseCorrection.template
S1258+6041,12:58:44,,+60:41:51,2019-08-23,08:44:25,2019-08-23,20:14:25,30,T,compound,0,-,300,1280,/opt/apertif/share/parsets/parset_start_observation_atdb_SubbandPhaseCorrection.template
M0155+3130,01:55:19,,+31:30:45,2019-08-23,21:22:25,2019-08-24,08:52:25,30,T,compound,0,-,300,1280,/opt/apertif/share/parsets/parset_start_observation_atdb_SubbandPhaseCorrection.template
S2154+4606,21:54:54,,+46:06:18,2019-08-24,17:17:46,2019-08-25,04:47:46,30,T,compound,0,-,300,1280,/opt/apertif/share/parsets/parset_start_observation_atdb_SubbandPhaseCorrection.template
S1245+5815,12:45:17,,+58:15:56,2019-08-25,08:22:19,2019-08-25,19:52:19,30,T,compound,0,-,300,1280,/opt/apertif/share/parsets/parset_start_observation_atdb_SubbandPhaseCorrection.template
S1025+5550,10:25:24,,+55:50:00,2019-09-06,05:00:13,2019-09-06,16:30:13,30,T,compound,0,-,300,1280,/opt/apertif/share/parsets/parset_start_observation_atdb_SubbandPhaseCorrection.template
S2204+3848,22:04:03,,+38:48:32,2019-09-06,16:42:01,2019-09-07,04:12:01,30,T,compound,0,-,300,1280,/opt/apertif/share/parsets/parset_start_observation_atdb_SubbandPhaseCorrection.template
S1342+6041,13:42:22,,+60:41:51,2019-09-07,08:33:57,2019-09-07,20:03:57,30,T,compound,0,-,300,1280,/opt/apertif/share/parsets/parset_start_observation_atdb_SubbandPhaseCorrection.template
M0155+3130,01:55:19,,+31:30:45,2019-09-07,20:24:11,2019-09-08,07:54:11,30,T,compound,0,-,300,1280,/opt/apertif/share/parsets/parset_start_observation_atdb_SubbandPhaseCorrection.template
S2201+4340,22:01:13,,+43:40:23,2019-09-08,16:25:18,2019-09-09,03:49:32,30,T,compound,0,-,300,1280,/opt/apertif/share/parsets/parset_start_observation_atdb_SubbandPhaseCorrection.template
M1403+5324,14:03:24,,+53:24:05,2019-09-13,08:10:25,2019-09-13,19:40:25,30,T,compound,0,-,300,1280,/opt/apertif/share/parsets/parset_start_observation_atdb_SubbandPhaseCorrection.template
M0155+3130,01:55:19,,+31:30:45,2019-09-13,20:00:25,2019-09-14,07:30:25,30,T,compound,0,-,300,1280,/opt/apertif/share/parsets/parset_start_observation_atdb_SubbandPhaseCorrection.template
S2332+3130,23:32:36,,+31:30:45,2019-09-14,17:44:52,2019-09-15,05:14:52,30,T,compound,0,-,300,1280,/opt/apertif/share/parsets/parset_start_observation_atdb_SubbandPhaseCorrection.template
S1435+5550,14:35:00,,+55:50:00,2019-09-15,08:49:35,2019-09-15,20:19:35,30,T,compound,0,-,300,1280,/opt/apertif/share/parsets/parset_start_observation_atdb_SubbandPhaseCorrection.template
M0209+3622,02:09:01,,+36:22:36,2019-09-15,20:31:19,2019-09-16,08:01:19,30,T,compound,0,-,300,1280,/opt/apertif/share/parsets/parset_start_observation_atdb_SubbandPhaseCorrection.template
S1305+5815,13:05:51,,+58:15:56,2019-09-19,06:56:40,2019-09-19,18:26:40,30,T,compound,0,-,300,1280,/opt/apertif/share/parsets/parset_start_observation_atdb_SubbandPhaseCorrection.template
M0155+3356,01:55:19,,+33:56:40,2019-09-19,19:46:40,2019-09-20,07:16:40,30,T,compound,0,-,300,1280,/opt/apertif/share/parsets/parset_start_observation_atdb_SubbandPhaseCorrection.template
S2345+3130,23:45:35,,+31:30:45,2019-09-20,17:25:18,2019-09-21,04:55:18,30,T,compound,0,-,300,1280,/opt/apertif/share/parsets/parset_start_observation_atdb_SubbandPhaseCorrection.template
S1454+5550,14:54:12,,+55:50:00,2019-09-21,08:30:06,2019-09-21,20:00:06,30,T,compound,0,-,300,1280,/opt/apertif/share/parsets/parset_start_observation_atdb_SubbandPhaseCorrection.template
S0218+3848,02:18:10,,+38:48:32,2019-09-21,20:11:41,2019-09-22,07:41:41,30,T,compound,0,-,300,1280,/opt/apertif/share/parsets/parset_start_observation_atdb_SubbandPhaseCorrection.template
S2240+3130,22:40:43,,+31:30:45,2019-09-22,16:31:24,2019-09-23,04:01:24,30,T,compound,0,-,300,1280,/opt/apertif/share/parsets/parset_start_observation_atdb_SubbandPhaseCorrection.template
S1102+5815,11:02:25,,+58:15:56,2019-10-03,3:57:58,2019-10-03,15:27:58,30,T,compound,0,-,300,1280,/opt/apertif/share/parsets/parset_start_observation_atdb_SubbandPhaseCorrection.template
S2235+3356,22:35:19,,+33:56:40,2019-10-03,15:39:41,2019-10-04,3:09:41,30,T,compound,0,-,300,1280,/opt/apertif/share/parsets/parset_start_observation_atdb_SubbandPhaseCorrection.template
S1346+5815,13:46:59,,+58:15:56,2019-10-04,6:44:32,2019-10-04,18:14:32,30,T,compound,0,-,300,1280,/opt/apertif/share/parsets/parset_start_observation_atdb_SubbandPhaseCorrection.template
M0155+3130,01:55:19,,+31:30:45,2019-10-04,18:36:32,2019-10-05,6:06:32,30,T,compound,0,-,300,1280,/opt/apertif/share/parsets/parset_start_observation_atdb_SubbandPhaseCorrection.template
S2207+4114,22:07:03,,+41:14:27,2019-10-05,14:45:53,2019-10-06,2:15:53,30,T,compound,0,-,300,1280,/opt/apertif/share/parsets/parset_start_observation_atdb_SubbandPhaseCorrection.template
S1259+5550,12:59:00,,+55:50:00,2019-10-06,5:50:27,2019-10-06,17:20:27,30,T,compound,0,-,300,1280,/opt/apertif/share/parsets/parset_start_observation_atdb_SubbandPhaseCorrection.template
M0155+3130,01:55:19,,+31:30:45,2019-10-06,18:28:27,2019-10-07,5:58:27,30,T,compound,0,-,300,1280,/opt/apertif/share/parsets/parset_start_observation_atdb_SubbandPhaseCorrection.template
S2210+4606,22:10:43,,+46:06:18,2019-10-07,14:41:48,2019-10-08,2:11:48,30,T,compound,0,-,300,1280,/opt/apertif/share/parsets/parset_start_observation_atdb_SubbandPhaseCorrection.template
S1041+5058,10:41:21,,+50:58:09,2019-10-09,3:10:14,2019-10-09,14:40:14,30,T,compound,0,-,300,1280,/opt/apertif/share/parsets/parset_start_observation_atdb_SubbandPhaseCorrection.template
S2221+3356,22:21:59,,+33:56:40,2019-10-09,14:52:03,2019-10-10,2:22:03,30,T,compound,0,-,300,1280,/opt/apertif/share/parsets/parset_start_observation_atdb_SubbandPhaseCorrection.template
M1403+5324,14:03:24,,+53:24:05,2019-10-10,6:23:58,2019-10-10,17:53:58,30,T,compound,0,-,300,1280,/opt/apertif/share/parsets/parset_start_observation_atdb_SubbandPhaseCorrection.template
M0142+3130,01:42:20,,+31:30:45,2019-10-10,18:05:46,2019-10-11,5:35:46,30,T,compound,0,-,300,1280,/opt/apertif/share/parsets/parset_start_observation_atdb_SubbandPhaseCorrection.template
S2210+4606,22:10:43,,+46:06:18,2019-10-11,14:25:12,2019-10-12,1:55:12,30,T,compound,0,-,300,1280,/opt/apertif/share/parsets/parset_start_observation_atdb_SubbandPhaseCorrection.template
S1318+5550,13:18:12,,+55:50:00,2019-10-12,5:29:59,2019-10-12,16:59:59,30,T,compound,0,-,300,1280,/opt/apertif/share/parsets/parset_start_observation_atdb_SubbandPhaseCorrection.template
M0141+3356,01:41:59,,+33:56:40,2019-10-12,17:51:59,2019-10-13,5:21:59,30,T,compound,0,-,300,1280,/opt/apertif/share/parsets/parset_start_observation_atdb_SubbandPhaseCorrection.template
S2215+3622,22:15:53,,+36:22:36,2019-10-13,14:23:25,2019-10-14,1:53:25,30,T,compound,0,-,300,1280,/opt/apertif/share/parsets/parset_start_observation_atdb_SubbandPhaseCorrection.template
S1320+6041,13:20:33,,+60:41:51,2019-10-14,5:28:10,2019-10-14,16:58:10,30,T,compound,0,-,300,1280,/opt/apertif/share/parsets/parset_start_observation_atdb_SubbandPhaseCorrection.template
S1402+3622,14:02:10,,+36:22:36,2019-10-24,5:24:24,2019-10-24,16:54:24,30,T,compound,0,-,300,1280,/opt/apertif/share/parsets/parset_start_observation_atdb_SubbandPhaseCorrection.template
M0155+3622,01:55:19,,+36:22:36,2019-10-24,17:17:46,2019-10-25,5:15:48,30,T,compound,0,-,300,1280,/opt/apertif/share/parsets/parset_start_observation_atdb_SubbandPhaseCorrection.template
M0155+3622,01:55:19,,+36:22:36,2019-10-25,17:13:50,2019-10-26,5:11:52,30,T,compound,0,-,300,1280,/opt/apertif/share/parsets/parset_start_observation_atdb_SubbandPhaseCorrection.template
S1408+3356,14:08:39,,+33:56:40,2019-10-26,5:31:31,2019-10-26,16:59:37,30,T,compound,0,-,300,1280,/opt/apertif/share/parsets/parset_start_observation_atdb_SubbandPhaseCorrection.template
S1401+3130,14:01:48,,+31:30:45,2019-10-27,5:17:36,2019-10-27,16:45:42,30,T,compound,0,-,300,1280,/opt/apertif/share/parsets/parset_start_observation_atdb_SubbandPhaseCorrection.template
M0155+3622,01:55:19,,+36:22:36,2019-10-27,17:05:55,2019-10-28,4:30:00,30,T,compound,0,-,300,1280,/opt/apertif/share/parsets/parset_start_observation_atdb_SubbandPhaseCorrection.template
M0155+3622,01:55:19,,+36:22:36,2019-10-31,17:01:17,2019-11-01,4:31:17,30,T,compound,0,-,300,1280,/opt/apertif/share/parsets/parset_start_observation_atdb_SubbandPhaseCorrection.template
M0155+3622,01:55:19,,+36:22:36,2019-11-01,17:00:21,2019-11-02,4:30:21,30,T,compound,0,-,300,1280,/opt/apertif/share/parsets/parset_start_observation_atdb_SubbandPhaseCorrection.template
M1403+5324,14:03:24,,+53:24:05,2019-11-02,4:56:27,2019-11-02,16:26:27,30,T,compound,0,-,300,1280,/opt/apertif/share/parsets/parset_start_observation_atdb_SubbandPhaseCorrection.template
S1414+3130,14:14:46,,+31:30:45,2019-11-03,4:59:49,2019-11-03,16:29:49,30,T,compound,0,-,300,1280,/opt/apertif/share/parsets/parset_start_observation_atdb_SubbandPhaseCorrection.template
M0155+3622,01:55:19,,+36:22:36,2019-11-03,16:53:29,2019-11-04,4:23:29,30,T,compound,0,-,300,1280,/opt/apertif/share/parsets/parset_start_observation_atdb_SubbandPhaseCorrection.template
M0155+3622,01:55:19,,+36:22:36,2019-11-13,16:00:00,2019-11-14,03:30:00,30,T,compound,0,-,300,1280,/opt/apertif/share/parsets/parset_start_observation_atdb_SubbandPhaseCorrection.template
S2216+4340,22:16:23,,+43:40:23,2019-11-14,12:17:21,2019-11-14,23:47:21,30,T,compound,0,-,300,1280,/opt/apertif/share/parsets/parset_start_observation_atdb_SubbandPhaseCorrection.template
M1304+2904,13:04:47,,+29:04:49,2019-11-15,03:21:52,2019-11-15,14:51:52,30,T,compound,0,-,300,1280,/opt/apertif/share/parsets/parset_start_observation_atdb_SubbandPhaseCorrection.template
M0155+3622,01:55:19,,+36:22:36,2019-11-15,15:51:52,2019-11-16,03:21:52,30,T,compound,0,-,300,1280,/opt/apertif/share/parsets/parset_start_observation_atdb_SubbandPhaseCorrection.template
S2218+3848,22:18:10,,+38:48:32,2019-11-16,12:11:13,2019-11-16,23:41:13,30,T,compound,0,-,300,1280,/opt/apertif/share/parsets/parset_start_observation_atdb_SubbandPhaseCorrection.template
M1317+2904,13:17:25,,+29:04:49,2019-11-17,03:15:53,2019-11-17,14:45:53,30,T,compound,0,-,300,1280,/opt/apertif/share/parsets/parset_start_observation_atdb_SubbandPhaseCorrection.template
M0155+3622,01:55:19,,+36:22:36,2019-11-17,15:43:53,2019-11-18,03:13:53,30,T,compound,0,-,300,1280,/opt/apertif/share/parsets/parset_start_observation_atdb_SubbandPhaseCorrection.template
M0155+3622,01:55:19,,+36:22:36,2019-11-20,15:35:07,2019-11-21,03:05:07,30,T,compound,0,-,300,1280,/opt/apertif/share/parsets/parset_start_observation_atdb_SubbandPhaseCorrection.template
S2221+4114,22:21:35,,+41:14:27,2019-11-21,11:54:28,2019-11-21,23:24:28,30,T,compound,0,-,300,1280,/opt/apertif/share/parsets/parset_start_observation_atdb_SubbandPhaseCorrection.template
M1309+3130,13:09:54,,+31:30:45,2019-11-22,02:58:59,2019-11-22,14:28:59,30,T,compound,0,-,300,1280,/opt/apertif/share/parsets/parset_start_observation_atdb_SubbandPhaseCorrection.template
M0209+3622,02:09:01,,+36:22:36,2019-11-22,15:38:59,2019-11-23,03:08:59,30,T,compound,0,-,300,1280,/opt/apertif/share/parsets/parset_start_observation_atdb_SubbandPhaseCorrection.template
S2229+3622,22:29:36,,+36:22:36,2019-11-23,11:56:08,2019-11-23,23:26:08,30,T,compound,0,-,300,1280,/opt/apertif/share/parsets/parset_start_observation_atdb_SubbandPhaseCorrection.template
M1330+2904,13:30:03,,+29:04:49,2019-11-24,03:00:49,2019-11-24,14:30:49,30,T,compound,0,-,300,1280,/opt/apertif/share/parsets/parset_start_observation_atdb_SubbandPhaseCorrection.template
M0209+3622,02:09:01,,+36:22:36,2019-11-24,15:30:49,2019-11-25,03:00:49,30,T,compound,0,-,300,1280,/opt/apertif/share/parsets/parset_start_observation_atdb_SubbandPhaseCorrection.template
S2232+3848,22:32:17,,+38:48:32,2019-11-25,11:49:58,2019-11-25,23:19:58,30,T,compound,0,-,300,1280,/opt/apertif/share/parsets/parset_start_observation_atdb_SubbandPhaseCorrection.template
S1103+5550,11:03:48,,+55:50:00,2019-12-06,00:07:41,2019-12-06,11:37:41,30,T,compound,0,-,300,1280,/opt/apertif/share/parsets/parset_start_observation_atdb_SubbandPhaseCorrection.template
M1403+5324,14:03:24,,+53:24:05,2019-12-07,02:54:28,2019-12-07,14:24:28,30,T,compound,0,-,300,1280,/opt/apertif/share/parsets/parset_start_observation_atdb_SubbandPhaseCorrection.template
M0155+3356,01:55:19,,+33:56:40,2019-12-07,14:36:27,2019-12-08,02:06:27,30,T,compound,0,-,300,1280,/opt/apertif/share/parsets/parset_start_observation_atdb_SubbandPhaseCorrection.template
S2236+4114,22:36:08,,+41:14:27,2019-12-08,11:03:48,2019-12-08,22:33:48,30,T,compound,0,-,300,1280,/opt/apertif/share/parsets/parset_start_observation_atdb_SubbandPhaseCorrection.template
M1342+2904,13:42:41,,+29:04:49,2019-12-09,02:08:34,2019-12-09,13:38:34,30,T,compound,0,-,300,1280,/opt/apertif/share/parsets/parset_start_observation_atdb_SubbandPhaseCorrection.template
S0129+3130,01:29:22,,+31:30:45,2019-12-09,13:52:34,2019-12-10,01:22:34,30,T,compound,0,-,300,1280,/opt/apertif/share/parsets/parset_start_observation_atdb_SubbandPhaseCorrection.template
S1021+5815,10:21:17,,+58:15:56,2019-12-18,22:07:00,2019-12-19,09:37:00,30,T,compound,0,-,300,1280,/opt/apertif/share/parsets/parset_start_observation_atdb_SubbandPhaseCorrection.template
S2243+3622,22:43:19,,+36:22:36,2019-12-19,10:27:00,2019-12-19,21:57:00,30,T,compound,0,-,300,1280,/opt/apertif/share/parsets/parset_start_observation_atdb_SubbandPhaseCorrection.template
M1322+3130,13:22:53,,+31:30:45,2019-12-20,01:31:24,2019-12-20,13:01:24,30,T,compound,0,-,300,1280,/opt/apertif/share/parsets/parset_start_observation_atdb_SubbandPhaseCorrection.template
M0141+3622,01:41:36,,+36:22:36,2019-12-20,13:21:24,2019-12-21,00:51:24,30,T,compound,0,-,300,1280,/opt/apertif/share/parsets/parset_start_observation_atdb_SubbandPhaseCorrection.template
S1629+5324,16:29:13,,+53:24:05,2019-12-21,04:25:54,2019-12-21,15:55:54,30,T,compound,0,-,300,1280,/opt/apertif/share/parsets/parset_start_observation_atdb_SubbandPhaseCorrection.template
S1109+6041,11:09:38,,+60:41:51,2019-12-21,23:02:50,2019-12-22,10:32:50,30,T,compound,0,-,300,1280,/opt/apertif/share/parsets/parset_start_observation_atdb_SubbandPhaseCorrection.template
S2301+3356,23:01:59,,+33:56:40,2019-12-22,10:44:49,2019-12-22,22:14:49,30,T,compound,0,-,300,1280,/opt/apertif/share/parsets/parset_start_observation_atdb_SubbandPhaseCorrection.template
S1409+5058,14:09:33,,+50:58:09,2019-12-23,01:49:36,2019-12-23,13:19:36,30,T,compound,0,-,300,1280,/opt/apertif/share/parsets/parset_start_observation_atdb_SubbandPhaseCorrection.template
M0155+3356,01:55:19,,+33:56:40,2019-12-23,13:31:30,2019-12-24,01:01:30,30,T,compound,0,-,300,1280,/opt/apertif/share/parsets/parset_start_observation_atdb_SubbandPhaseCorrection.template
S2246+3848,22:46:24,,+38:48:32,2019-12-24,10:09:30,2019-12-24,21:39:30,30,T,compound,0,-,300,1280,/opt/apertif/share/parsets/parset_start_observation_atdb_SubbandPhaseCorrection.template
M1335+3130,13:35:51,,+31:30:45,2019-12-25,01:14:02,2019-12-25,12:44:02,30,T,compound,0,-,300,1280,/opt/apertif/share/parsets/parset_start_observation_atdb_SubbandPhaseCorrection.template
M0155+3356,01:55:19,,+33:56:40,2019-12-25,13:14:02,2019-12-26,00:44:02,30,T,compound,0,-,300,1280,/opt/apertif/share/parsets/parset_start_observation_atdb_SubbandPhaseCorrection.template
S2250+4114,22:50:41,,+41:14:27,2019-12-26,10:06:02,2019-12-26,21:36:02,30,T,compound,0,-,300,1280,/opt/apertif/share/parsets/parset_start_observation_atdb_SubbandPhaseCorrection.template
M1348+3130,13:48:49,,+31:30:45,2019-12-27,01:10:42,2019-12-27,12:40:42,30,T,compound,0,-,300,1280,/opt/apertif/share/parsets/parset_start_observation_atdb_SubbandPhaseCorrection.template
M0155+3356,01:55:19,,+33:56:40,2019-12-27,13:06:42,2019-12-28,00:36:42,30,T,compound,0,-,300,1280,/opt/apertif/share/parsets/parset_start_observation_atdb_SubbandPhaseCorrection.template
S2257+3622,22:57:01,,+36:22:36,2019-12-28,10:04:42,2019-12-28,21:34:42,30,T,compound,0,-,300,1280,/opt/apertif/share/parsets/parset_start_observation_atdb_SubbandPhaseCorrection.template
S1352+5058,13:52:12,,+50:58:09,2019-12-29,01:09:18,2019-12-29,12:39:18,30,T,compound,0,-,300,1280,/opt/apertif/share/parsets/parset_start_observation_atdb_SubbandPhaseCorrection.template
M0155+3356,01:55:19,,+33:56:40,2019-12-29,12:59:18,2019-12-30,00:29:18,30,T,compound,0,-,300,1280,/opt/apertif/share/parsets/parset_start_observation_atdb_SubbandPhaseCorrection.template
S2300+3848,23:00:31,,+38:48:32,2019-12-30,10:01:18,2019-12-30,21:31:18,30,T,compound,0,-,300,1280,/opt/apertif/share/parsets/parset_start_observation_atdb_SubbandPhaseCorrection.template
S1345+5324,13:45:10,,+53:24:05,2019-12-31,01:05:47,2019-12-31,12:35:47,30,T,compound,0,-,300,1280,/opt/apertif/share/parsets/parset_start_observation_atdb_SubbandPhaseCorrection.template
M0155+3356,01:55:19,,+33:56:40,2019-12-31,12:51:47,2020-01-01,00:21:47,30,T,compound,0,-,300,1280,/opt/apertif/share/parsets/parset_start_observation_atdb_SubbandPhaseCorrection.template
S2301+4340,23:01:51,,+43:40:23,2020-01-01,09:53:47,2020-01-01,21:23:47,30,T,compound,0,-,300,1280,/opt/apertif/share/parsets/parset_start_observation_atdb_SubbandPhaseCorrection.template
S1356+5550,13:56:36,,+55:50:00,2020-01-02,00:58:23,2020-01-02,12:28:23,30,T,compound,0,-,300,1280,/opt/apertif/share/parsets/parset_start_observation_atdb_SubbandPhaseCorrection.template
M0155+3356,01:55:19,,+33:56:40,2020-01-02,12:44:23,2020-01-03,00:14:23,30,T,compound,0,-,300,1280,/opt/apertif/share/parsets/parset_start_observation_atdb_SubbandPhaseCorrection.template
S2305+4114,23:05:13,,+41:14:27,2020-01-03,09:50:23,2020-01-03,21:20:23,30,T,compound,0,-,300,1280,/opt/apertif/share/parsets/parset_start_observation_atdb_SubbandPhaseCorrection.template
S1407+5815,14:07:34,,+58:15:56,2020-01-04,00:55:06,2020-01-04,12:25:06,30,T,compound,0,-,300,1280,/opt/apertif/share/parsets/parset_start_observation_atdb_SubbandPhaseCorrection.template
M0155+3356,01:55:19,,+33:56:40,2020-01-04,12:37:01,2020-01-05,00:07:01,30,T,compound,0,-,300,1280,/opt/apertif/share/parsets/parset_start_observation_atdb_SubbandPhaseCorrection.template
S2310+3622,23:10:44,,+36:22:36,2020-01-05,09:47:01,2020-01-05,21:17:01,30,T,compound,0,-,300,1280,/opt/apertif/share/parsets/parset_start_observation_atdb_SubbandPhaseCorrection.template
M1403+5324,14:03:24,,+53:24:05,2020-01-06,00:51:37,2020-01-06,12:21:37,30,T,compound,0,-,300,1280,/opt/apertif/share/parsets/parset_start_observation_atdb_SubbandPhaseCorrection.template
M0155+3356,01:55:19,,+33:56:40,2020-01-06,12:33:36,2020-01-07,00:03:36,30,T,compound,0,-,300,1280,/opt/apertif/share/parsets/parset_start_observation_atdb_SubbandPhaseCorrection.template
S1026+6041,10:26:00,,+60:41:51,2020-01-08,20:50:00,2020-01-09,08:20:00,30,T,compound,0,-,300,1280,/opt/apertif/share/parsets/parset_start_observation_atdb_SubbandPhaseCorrection.template
S2315+3356,23:15:19,,+33:56:40,2020-01-09,09:36:00,2020-01-09,21:06:00,30,T,compound,0,-,300,1280,/opt/apertif/share/parsets/parset_start_observation_atdb_SubbandPhaseCorrection.template
S1415+5550,14:15:48,,+55:50:00,2020-01-10,00:40:41,2020-01-10,12:10:41,30,T,compound,0,-,300,1280,/opt/apertif/share/parsets/parset_start_observation_atdb_SubbandPhaseCorrection.template
M0209+3622,02:09:01,,+36:22:36,2020-01-10,12:24:41,2020-01-10,23:54:41,30,T,compound,0,-,300,1280,/opt/apertif/share/parsets/parset_start_observation_atdb_SubbandPhaseCorrection.template
S2314+3848,23:14:38,,+38:48:32,2020-01-11,09:27:50,2020-01-11,20:57:50,30,T,compound,0,-,300,1280,/opt/apertif/share/parsets/parset_start_observation_atdb_SubbandPhaseCorrection.template
S1404+6041,14:04:11,,+60:41:51,2020-01-12,00:32:22,2020-01-12,12:02:22,30,T,compound,0,-,300,1280,/opt/apertif/share/parsets/parset_start_observation_atdb_SubbandPhaseCorrection.template
M0209+3622,02:09:01,,+36:22:36,2020-01-12,12:18:22,2020-01-12,23:48:22,30,T,compound,0,-,300,1280,/opt/apertif/share/parsets/parset_start_observation_atdb_SubbandPhaseCorrection.template
S2314+4606,23:14:01,,+46:06:18,2020-01-13,09:19:31,2020-01-13,20:49:31,30,T,compound,0,-,300,1280,/opt/apertif/share/parsets/parset_start_observation_atdb_SubbandPhaseCorrection.template
S1334+5058,13:34:51,,+50:58:09,2020-01-22,23:27:43,2020-01-23,10:57:43,30,T,compound,0,-,300,1280,/opt/apertif/share/parsets/parset_start_observation_atdb_SubbandPhaseCorrection.template
S0214+4114,02:14:19,,+41:14:27,2020-01-23,11:39:43,2020-01-23,23:09:43,30,T,compound,0,-,300,1280,/opt/apertif/share/parsets/parset_start_observation_atdb_SubbandPhaseCorrection.template
S2317+4340,23:17:01,,+43:40:23,2020-01-24,08:39:43,2020-01-24,20:09:43,30,T,compound,0,-,300,1280,/opt/apertif/share/parsets/parset_start_observation_atdb_SubbandPhaseCorrection.template
S1426+6041,14:26:00,,+60:41:51,2020-01-24,23:45:10,2020-01-25,11:15:10,30,T,compound,0,-,300,1280,/opt/apertif/share/parsets/parset_start_observation_atdb_SubbandPhaseCorrection.template
S0218+4340,02:18:55,,+43:40:23,2020-01-25,11:37:10,2020-01-25,23:07:10,30,T,compound,0,-,300,1280,/opt/apertif/share/parsets/parset_start_observation_atdb_SubbandPhaseCorrection.template
S2319+4114,23:19:46,,+41:14:27,2020-01-26,08:33:10,2020-01-26,20:03:10,30,T,compound,0,-,300,1280,/opt/apertif/share/parsets/parset_start_observation_atdb_SubbandPhaseCorrection.template
S1428+5815,14:28:08,,+58:15:56,2020-01-26,23:40:35,2020-01-27,11:10:35,30,T,compound,0,-,300,1280,/opt/apertif/share/parsets/parset_start_observation_atdb_SubbandPhaseCorrection.template
M1403+5324,14:03:24,,+53:24:05,2020-01-28,23:07:34,2020-01-29,10:37:34,30,T,compound,0,-,300,1280,/opt/apertif/share/parsets/parset_start_observation_atdb_SubbandPhaseCorrection.template
M0209+3622,02:09:01,,+36:22:36,2020-01-29,11:11:34,2020-01-29,22:41:34,30,T,compound,0,-,300,1280,/opt/apertif/share/parsets/parset_start_observation_atdb_SubbandPhaseCorrection.template
S1448+5815,14:48:42,,+58:15:56,2020-01-30,23:44:55,2020-01-31,11:14:55,30,T,compound,0,-,300,1280,/opt/apertif/share/parsets/parset_start_observation_atdb_SubbandPhaseCorrection.template
M0209+3622,02:09:01,,+36:22:36,2020-01-31,11:26:27,2020-01-31,22:56:27,30,T,compound,0,-,300,1280,/opt/apertif/share/parsets/parset_start_observation_atdb_SubbandPhaseCorrection.template
S2328+3356,23:28:39,,+33:56:40,2020-02-01,08:18:27,2020-02-01,19:48:27,30,T,compound,0,-,300,1280,/opt/apertif/share/parsets/parset_start_observation_atdb_SubbandPhaseCorrection.template
S1458+5324,14:58:05,,+53:24:05,2020-02-01,23:45:44,2020-02-02,11:15:44,30,T,compound,0,-,300,1280,/opt/apertif/share/parsets/parset_start_observation_atdb_SubbandPhaseCorrection.template
S0222+3622,02:22:44,,+36:22:36,2020-02-02,11:27:20,2020-02-02,22:57:20,30,T,compound,0,-,300,1280,/opt/apertif/share/parsets/parset_start_observation_atdb_SubbandPhaseCorrection.template
S1501+5058,15:01:36,,+50:58:09,2020-02-25,22:31:03,2020-02-26,10:01:03,30,T,compound,0,-,300,1280,/opt/apertif/share/parsets/parset_start_observation_atdb_SubbandPhaseCorrection.template
S0243+4114,02:43:24,,+41:14:27,2020-02-26,10:12:53,2020-02-26,21:42:53,30,T,compound,0,-,300,1280,/opt/apertif/share/parsets/parset_start_observation_atdb_SubbandPhaseCorrection.template
S2148+3622,21:48:27,,+36:22:36,2020-02-27,04:56:53,2020-02-27,16:26:53,30,T,compound,0,-,300,1280,/opt/apertif/share/parsets/parset_start_observation_atdb_SubbandPhaseCorrection.template
M1252+2904,12:52:09,,+29:04:49,2020-02-27,20:01:37,2020-02-28,07:31:37,30,T,compound,0,-,300,1280,/opt/apertif/share/parsets/parset_start_observation_atdb_SubbandPhaseCorrection.template
M0142+3130,01:42:20,,+31:30:45,2020-02-28,08:45:37,2020-02-28,20:15:37,30,T,compound,0,-,300,1280,/opt/apertif/share/parsets/parset_start_observation_atdb_SubbandPhaseCorrection.template
S2149+3848,21:49:56,,+38:48:32,2020-02-29,04:51:37,2020-02-29,16:21:37,30,T,compound,0,-,300,1280,/opt/apertif/share/parsets/parset_start_observation_atdb_SubbandPhaseCorrection.template
M1243+3130,12:43:58,,+31:30:45,2020-02-29,19:56:13,2020-03-01,07:26:13,30,T,compound,0,-,300,1280,/opt/apertif/share/parsets/parset_start_observation_atdb_SubbandPhaseCorrection.template
M0142+3130,01:42:20,,+31:30:45,2020-03-01,08:38:13,2020-03-01,20:08:13,30,T,compound,0,-,300,1280,/opt/apertif/share/parsets/parset_start_observation_atdb_SubbandPhaseCorrection.template
S2155+3356,21:55:19,,+33:56:40,2020-03-02,04:48:13,2020-03-02,16:18:13,30,T,compound,0,-,300,1280,/opt/apertif/share/parsets/parset_start_observation_atdb_SubbandPhaseCorrection.template
M1403+5324,14:03:24,,+53:24:05,2020-03-02,20:52:48,2020-03-03,08:22:48,30,T,compound,0,-,300,1280,/opt/apertif/share/parsets/parset_start_observation_atdb_SubbandPhaseCorrection.template
M0141+3356,01:41:59,,+33:56:40,2020-03-03,08:34:36,2020-03-03,20:04:36,30,T,compound,0,-,300,1280,/opt/apertif/share/parsets/parset_start_observation_atdb_SubbandPhaseCorrection.template
S2202+3622,22:02:10,,+36:22:36,2020-03-04,04:46:36,2020-03-04,16:16:36,30,T,compound,0,-,300,1280,/opt/apertif/share/parsets/parset_start_observation_atdb_SubbandPhaseCorrection.template
M0141+3622,01:41:36,,+36:22:36,2020-03-05,09:31:12,2020-03-05,21:01:12,30,T,compound,0,-,300,1280,/opt/apertif/share/parsets/parset_start_observation_atdb_SubbandPhaseCorrection.template
S2201+3130,22:01:48,,+31:30:45,2020-03-06,04:39:12,2020-03-06,16:09:12,30,T,compound,0,-,300,1280,/opt/apertif/share/parsets/parset_start_observation_atdb_SubbandPhaseCorrection.template
M1248+3356,12:48:39,,+33:56:40,2020-03-06,19:43:43,2020-03-07,07:13:43,30,T,compound,0,-,300,1280,/opt/apertif/share/parsets/parset_start_observation_atdb_SubbandPhaseCorrection.template
M0141+3356,01:41:59,,+33:56:40,2020-03-07,08:13:43,2020-03-07,19:43:43,30,T,compound,0,-,300,1280,/opt/apertif/share/parsets/parset_start_observation_atdb_SubbandPhaseCorrection.template
S1042+5324,10:42:53,,+53:24:05,2020-03-09,17:06:00,2020-03-10,04:36:00,30,T,compound,0,-,300,1280,/opt/apertif/share/parsets/parset_start_observation_atdb_SubbandPhaseCorrection.template
S1448+3356,14:48:39,,+33:56:40,2020-03-11,21:27:49,2020-03-12,08:57:49,30,T,compound,0,-,300,1280,/opt/apertif/share/parsets/parset_start_observation_atdb_SubbandPhaseCorrection.template
S0249+4340,02:49:14,,+43:40:23,2020-03-12,09:09:54,2020-03-12,20:39:54,30,T,compound,0,-,300,1280,/opt/apertif/share/parsets/parset_start_observation_atdb_SubbandPhaseCorrection.template
S2208+3356,22:08:39,,+33:56:40,2020-03-13,04:17:54,2020-03-13,15:47:54,30,T,compound,0,-,300,1280,/opt/apertif/share/parsets/parset_start_observation_atdb_SubbandPhaseCorrection.template
M1256+3130,12:56:56,,+31:30:45,2020-03-13,19:22:25,2020-03-14,06:52:25,30,T,compound,0,-,300,1280,/opt/apertif/share/parsets/parset_start_observation_atdb_SubbandPhaseCorrection.template
M0141+3622,01:41:36,,+36:22:36,2020-03-14,07:46:25,2020-03-14,19:16:25,30,T,compound,0,-,300,1280,/opt/apertif/share/parsets/parset_start_observation_atdb_SubbandPhaseCorrection.template
S2214+3130,22:14:46,,+31:30:45,2020-03-15,04:16:25,2020-03-15,15:46:25,30,T,compound,0,-,300,1280,/opt/apertif/share/parsets/parset_start_observation_atdb_SubbandPhaseCorrection.template
M1301+3356,13:01:59,,+33:56:40,2020-03-15,19:20:56,2020-03-16,06:50:56,30,T,compound,0,-,300,1280,/opt/apertif/share/parsets/parset_start_observation_atdb_SubbandPhaseCorrection.template
M0208+3356,02:08:39,,+33:56:40,2020-03-16,08:04:56,2020-03-16,19:34:56,30,T,compound,0,-,300,1280,/opt/apertif/share/parsets/parset_start_observation_atdb_SubbandPhaseCorrection.template
S2226+4606,22:26:33,,+46:06:18,2020-03-17,04:20:56,2020-03-17,15:50:56,30,T,compound,0,-,300,1280,/opt/apertif/share/parsets/parset_start_observation_atdb_SubbandPhaseCorrection.template
S1513+5550,15:13:24,,+55:50:00,2020-03-25,20:32:57,2020-03-26,08:02:57,30,T,compound,0,-,300,1280,/opt/apertif/share/parsets/parset_start_observation_atdb_SubbandPhaseCorrection.template
S0232+3848,02:32:17,,+38:48:32,2020-03-26,08:14:28,2020-03-26,19:44:28,30,T,compound,0,-,300,1280,/opt/apertif/share/parsets/parset_start_observation_atdb_SubbandPhaseCorrection.template
S2218+4832,22:18:59,,+48:32:14,2020-03-27,03:32:28,2020-03-27,15:02:28,30,T,compound,0,-,300,1280,/opt/apertif/share/parsets/parset_start_observation_atdb_SubbandPhaseCorrection.template
S1516+5324,15:16:18,,+53:24:05,2020-03-27,20:28:43,2020-03-28,07:58:43,30,T,compound,0,-,300,1280,/opt/apertif/share/parsets/parset_start_observation_atdb_SubbandPhaseCorrection.template
S0257+4114,02:57:57,,+41:14:27,2020-03-28,08:10:33,2020-03-28,19:40:33,30,T,compound,0,-,300,1280,/opt/apertif/share/parsets/parset_start_observation_atdb_SubbandPhaseCorrection.template
S2231+4340,22:31:32,,+43:40:23,2020-03-29,03:38:33,2020-03-29,15:08:33,30,T,compound,0,-,300,1280,/opt/apertif/share/parsets/parset_start_observation_atdb_SubbandPhaseCorrection.template
S1532+5550,15:32:36,,+55:50:00,2020-03-29,20:36:38,2020-03-30,08:06:38,30,T,compound,0,-,300,1280,/opt/apertif/share/parsets/parset_start_observation_atdb_SubbandPhaseCorrection.template
S0312+4114,03:12:30,,+41:14:27,2020-03-30,08:18:27,2020-03-30,19:48:27,30,T,compound,0,-,300,1280,/opt/apertif/share/parsets/parset_start_observation_atdb_SubbandPhaseCorrection.template
S2235+4832,22:35:33,,+48:32:14,2020-03-31,03:34:27,2020-03-31,15:04:27,30,T,compound,0,-,300,1280,/opt/apertif/share/parsets/parset_start_observation_atdb_SubbandPhaseCorrection.template
S1534+5324,15:34:32,,+53:24:05,2020-03-31,20:30:28,2020-04-01,08:00:28,30,T,compound,0,-,300,1280,/opt/apertif/share/parsets/parset_start_observation_atdb_SubbandPhaseCorrection.template
S0304+4340,03:04:23,,+43:40:23,2020-04-01,08:12:08,2020-04-01,19:42:08,30,T,compound,0,-,300,1280,/opt/apertif/share/parsets/parset_start_observation_atdb_SubbandPhaseCorrection.template
S2242+4606,22:42:22,,+46:06:18,2020-04-02,03:34:08,2020-04-02,15:04:08,30,T,compound,0,-,300,1280,/opt/apertif/share/parsets/parset_start_observation_atdb_SubbandPhaseCorrection.template
S1552+5324,15:52:46,,+53:24:05,2020-04-02,20:40:04,2020-04-03,08:10:04,30,T,compound,0,-,300,1280,/opt/apertif/share/parsets/parset_start_observation_atdb_SubbandPhaseCorrection.template
S0327+4114,03:27:03,,+41:14:27,2020-04-03,08:21:48,2020-04-03,19:51:48,30,T,compound,0,-,300,1280,/opt/apertif/share/parsets/parset_start_observation_atdb_SubbandPhaseCorrection.template
S2246+4340,22:46:42,,+43:40:23,2020-04-04,03:29:48,2020-04-04,14:59:48,30,T,compound,0,-,300,1280,/opt/apertif/share/parsets/parset_start_observation_atdb_SubbandPhaseCorrection.template
S1551+5550,15:51:48,,+55:50:00,2020-04-04,20:31:40,2020-04-05,08:01:40,30,T,compound,0,-,300,1280,/opt/apertif/share/parsets/parset_start_observation_atdb_SubbandPhaseCorrection.template
S0319+4340,03:19:32,,+43:40:23,2020-04-05,08:13:19,2020-04-05,19:43:19,30,T,compound,0,-,300,1280,/opt/apertif/share/parsets/parset_start_observation_atdb_SubbandPhaseCorrection.template
S2252+4832,22:52:06,,+48:32:14,2020-04-06,03:27:19,2020-04-06,14:57:19,30,T,compound,0,-,300,1280,/opt/apertif/share/parsets/parset_start_observation_atdb_SubbandPhaseCorrection.template
S1611+5324,16:11:00,,+53:24:05,2020-04-06,20:43:07,2020-04-07,08:13:07,30,T,compound,0,-,300,1280,/opt/apertif/share/parsets/parset_start_observation_atdb_SubbandPhaseCorrection.template
S1421+3356,14:21:59,,+33:56:40,2020-04-25,17:43:01,2020-04-26,05:13:01,30,T,compound,0,-,300,1280,/opt/apertif/share/parsets/parset_start_observation_atdb_SubbandPhaseCorrection.template
S1123+5550,11:23:00,,+55:50:00,2020-04-26,14:44:08,2020-04-27,02:14:08,30,T,compound,0,-,300,1280,/opt/apertif/share/parsets/parset_start_observation_atdb_SubbandPhaseCorrection.template
S2341+4832,23:41:45,,+48:32:14,2020-04-27,02:54:08,2020-04-27,14:24:08,30,T,compound,0,-,300,1280,/opt/apertif/share/parsets/parset_start_observation_atdb_SubbandPhaseCorrection.template
S1427+3130,14:27:45,,+31:30:45,2020-04-27,17:58:37,2020-04-28,05:28:37,30,T,compound,0,-,300,1280,/opt/apertif/share/parsets/parset_start_observation_atdb_SubbandPhaseCorrection.template
S1122+5815,11:22:59,,+58:15:56,2020-04-28,14:35:44,2020-04-29,02:05:44,30,T,compound,0,-,300,1280,/opt/apertif/share/parsets/parset_start_observation_atdb_SubbandPhaseCorrection.template
S2342+5058,23:42:05,,+50:58:09,2020-04-29,02:45:44,2020-04-29,14:15:44,30,T,compound,0,-,300,1280,/opt/apertif/share/parsets/parset_start_observation_atdb_SubbandPhaseCorrection.template
S1440+3130,14:40:43,,+31:30:45,2020-04-29,17:50:24,2020-04-30,05:20:24,30,T,compound,0,-,300,1280,/opt/apertif/share/parsets/parset_start_observation_atdb_SubbandPhaseCorrection.template
S1131+6041,11:31:27,,+60:41:51,2020-04-30,14:30:24,2020-05-01,02:00:24,30,T,compound,0,-,300,1280,/opt/apertif/share/parsets/parset_start_observation_atdb_SubbandPhaseCorrection.template
S2346+5324,23:46:41,,+53:24:05,2020-05-01,02:42:24,2020-05-01,14:12:24,30,T,compound,0,-,300,1280,/opt/apertif/share/parsets/parset_start_observation_atdb_SubbandPhaseCorrection.template
S1435+3356,14:35:19,,+33:56:40,2020-05-01,17:46:55,2020-05-02,05:16:55,30,T,compound,0,-,300,1280,/opt/apertif/share/parsets/parset_start_observation_atdb_SubbandPhaseCorrection.template
S1142+5550,11:42:12,,+55:50:00,2020-05-02,14:32:55,2020-05-03,02:02:55,30,T,compound,0,-,300,1280,/opt/apertif/share/parsets/parset_start_observation_atdb_SubbandPhaseCorrection.template
S2358+4832,23:58:18,,+48:32:14,2020-05-03,02:46:55,2020-05-03,14:16:55,30,T,compound,0,-,300,1280,/opt/apertif/share/parsets/parset_start_observation_atdb_SubbandPhaseCorrection.template
S1443+3622,14:43:19,,+36:22:36,2020-05-03,17:51:23,2020-05-04,05:21:23,30,T,compound,0,-,300,1280,/opt/apertif/share/parsets/parset_start_observation_atdb_SubbandPhaseCorrection.template
S0001+4606,00:01:29,,+46:06:18,2020-05-05,02:42:10,2020-05-05,14:12:10,30,T,compound,0,-,300,1280,/opt/apertif/share/parsets/parset_start_observation_atdb_SubbandPhaseCorrection.template
S1446+3848,14:46:24,,+38:48:32,2020-05-05,17:46:39,2020-05-06,05:16:39,30,T,compound,0,-,300,1280,/opt/apertif/share/parsets/parset_start_observation_atdb_SubbandPhaseCorrection.template
S2258+4606,22:58:12,,+46:06:18,2020-06-03,23:40:46,2020-06-04,11:10:46,30,T,compound,0,-,300,1280,/opt/apertif/share/parsets/parset_start_observation_atdb_SubbandPhaseCorrection.template
M1341+3356,13:41:59,,+33:56:40,2020-06-04,14:45:14,2020-06-05,02:15:14,30,T,compound,0,-,300,1280,/opt/apertif/share/parsets/parset_start_observation_atdb_SubbandPhaseCorrection.template
M0142+3130,01:42:20,,+31:30:45,2020-06-05,02:27:19,2020-06-05,13:57:19,30,T,compound,0,-,300,1280,/opt/apertif/share/parsets/parset_start_observation_atdb_SubbandPhaseCorrection.template
S2308+4832,23:08:39,,+48:32:14,2020-06-05,23:43:19,2020-06-06,11:13:19,30,T,compound,0,-,300,1280,/opt/apertif/share/parsets/parset_start_observation_atdb_SubbandPhaseCorrection.template
S1355+3356,13:55:19,,+33:56:40,2020-06-06,14:47:49,2020-06-07,02:17:49,30,T,compound,0,-,300,1280,/opt/apertif/share/parsets/parset_start_observation_atdb_SubbandPhaseCorrection.template
M0141+3356,01:41:59,,+33:56:40,2020-06-07,02:29:43,2020-06-07,13:59:43,30,T,compound,0,-,300,1280,/opt/apertif/share/parsets/parset_start_observation_atdb_SubbandPhaseCorrection.template
M0142+3130,01:42:20,,+31:30:45,2020-06-18,01:30:43,2020-06-18,13:00:43,30,T,compound,0,-,300,1280,/opt/apertif/share/parsets/parset_start_observation_atdb_SubbandPhaseCorrection.template
M0142+3130,01:42:20,,+31:30:45,2020-06-19,01:26:45,2020-06-19,12:56:45,30,T,compound,0,-,300,1280,/opt/apertif/share/parsets/parset_start_observation_atdb_SubbandPhaseCorrection.template
M0141+3356,01:41:59,,+33:56:40,2020-06-20,01:22:47,2020-06-20,12:52:47,30,T,compound,0,-,300,1280,/opt/apertif/share/parsets/parset_start_observation_atdb_SubbandPhaseCorrection.template
M0141+3356,01:41:59,,+33:56:40,2020-06-21,01:18:49,2020-06-21,12:48:49,30,T,compound,0,-,300,1280,/opt/apertif/share/parsets/parset_start_observation_atdb_SubbandPhaseCorrection.template
M0141+3622,01:41:36,,+36:22:36,2020-06-22,01:14:51,2020-06-22,12:44:51,30,T,compound,0,-,300,1280,/opt/apertif/share/parsets/parset_start_observation_atdb_SubbandPhaseCorrection.template
M0141+3622,01:41:36,,+36:22:36,2020-06-24,01:06:55,2020-06-24,12:36:55,30,T,compound,0,-,300,1280,/opt/apertif/share/parsets/parset_start_observation_atdb_SubbandPhaseCorrection.template
S2245+2904,22:45:50,,+29:04:49,2020-06-24,22:19:01,2020-06-25,09:49:01,30,T,compound,0,-,300,1280,/opt/apertif/share/parsets/parset_start_observation_atdb_SubbandPhaseCorrection.template
S2134+3622,21:34:44,,+36:22:36,2020-07-01,20:30:00,2020-07-02,08:00:00,30,T,compound,0,-,300,1280,/opt/apertif/share/parsets/parset_start_observation_atdb_SubbandPhaseCorrection.template
S1221+3356,12:21:59,,+33:56:40,2020-07-02,11:34:30,2020-07-02,23:04:30,30,T,compound,0,-,300,1280,/opt/apertif/share/parsets/parset_start_observation_atdb_SubbandPhaseCorrection.template
M0208+3130,02:08:17,,+31:30:45,2020-07-03,00:58:30,2020-07-03,12:28:30,30,T,compound,0,-,300,1280,/opt/apertif/share/parsets/parset_start_observation_atdb_SubbandPhaseCorrection.template
S2135+3848,21:35:49,,+38:48:32,2020-07-03,20:22:30,2020-07-04,07:52:30,30,T,compound,0,-,300,1280,/opt/apertif/share/parsets/parset_start_observation_atdb_SubbandPhaseCorrection.template
M1243+3130,12:43:58,,+31:30:45,2020-07-04,11:27:18,2020-07-04,22:57:18,30,T,compound,0,-,300,1280,/opt/apertif/share/parsets/parset_start_observation_atdb_SubbandPhaseCorrection.template
M0208+3130,02:08:17,,+31:30:45,2020-07-05,00:49:18,2020-07-05,12:19:18,30,T,compound,0,-,300,1280,/opt/apertif/share/parsets/parset_start_observation_atdb_SubbandPhaseCorrection.template
S2137+4114,21:37:57,,+41:14:27,2020-07-05,20:17:18,2020-07-06,07:47:18,30,T,compound,0,-,300,1280,/opt/apertif/share/parsets/parset_start_observation_atdb_SubbandPhaseCorrection.template
M1243+3130,12:43:58,,+31:30:45,2020-07-06,11:22:04,2020-07-06,22:52:04,30,T,compound,0,-,300,1280,/opt/apertif/share/parsets/parset_start_observation_atdb_SubbandPhaseCorrection.template
M0208+3130,02:08:17,,+31:30:45,2020-07-07,00:42:04,2020-07-07,12:12:04,30,T,compound,0,-,300,1280,/opt/apertif/share/parsets/parset_start_observation_atdb_SubbandPhaseCorrection.template
S2141+3356,21:41:59,,+33:56:40,2020-07-07,20:12:04,2020-07-08,07:42:04,30,T,compound,0,-,300,1280,/opt/apertif/share/parsets/parset_start_observation_atdb_SubbandPhaseCorrection.template
M0208+3356,02:08:39,,+33:56:40,2020-07-09,00:34:39,2020-07-09,12:04:39,30,T,compound,0,-,300,1280,/opt/apertif/share/parsets/parset_start_observation_atdb_SubbandPhaseCorrection.template
S2142+2904,21:42:41,,+29:04:49,2020-07-09,20:04:39,2020-07-10,07:34:39,30,T,compound,0,-,300,1280,/opt/apertif/share/parsets/parset_start_observation_atdb_SubbandPhaseCorrection.template
S1236+6307,12:36:55,,+63:07:47,2020-07-10,11:09:15,2020-07-10,22:39:15,30,T,compound,0,-,300,1280,/opt/apertif/share/parsets/parset_start_observation_atdb_SubbandPhaseCorrection.template
M0208+3356,02:08:39,,+33:56:40,2020-07-11,00:27:15,2020-07-11,11:57:15,30,T,compound,0,-,300,1280,/opt/apertif/share/parsets/parset_start_observation_atdb_SubbandPhaseCorrection.template
S2148+3130,21:48:49,,+31:30:45,2020-07-11,20:03:15,2020-07-12,07:33:15,30,T,compound,0,-,300,1280,/opt/apertif/share/parsets/parset_start_observation_atdb_SubbandPhaseCorrection.template
M1256+3130,12:56:56,,+31:30:45,2020-07-12,11:09:55,2020-07-12,22:39:55,30,T,compound,0,-,300,1280,/opt/apertif/share/parsets/parset_start_observation_atdb_SubbandPhaseCorrection.template
M0209+3622,02:09:01,,+36:22:36,2020-07-13,00:19:55,2020-07-13,11:49:55,30,T,compound,0,-,300,1280,/opt/apertif/share/parsets/parset_start_observation_atdb_SubbandPhaseCorrection.template
S2155+2904,21:55:19,,+29:04:49,2020-07-29,19:05:03,2020-07-30,06:35:03,30,T,compound,0,-,300,1280,/opt/apertif/share/parsets/parset_start_observation_atdb_SubbandPhaseCorrection.template
M1256+3130,12:56:56,,+31:30:45,2020-07-30,10:09:45,2020-07-30,21:39:45,30,T,compound,0,-,300,1280,/opt/apertif/share/parsets/parset_start_observation_atdb_SubbandPhaseCorrection.template
M0141+3622,01:41:36,,+36:22:36,2020-07-30,22:41:45,2020-07-31,10:11:45,30,T,compound,0,-,300,1280,/opt/apertif/share/parsets/parset_start_observation_atdb_SubbandPhaseCorrection.template
S2121+3622,21:21:01,,+36:22:36,2020-07-31,18:17:45,2020-08-01,05:47:45,30,T,compound,0,-,300,1280,/opt/apertif/share/parsets/parset_start_observation_atdb_SubbandPhaseCorrection.template
S1226+3622,12:26:10,,+36:22:36,2020-08-01,09:22:30,2020-08-01,20:52:30,30,T,compound,0,-,300,1280,/opt/apertif/share/parsets/parset_start_observation_atdb_SubbandPhaseCorrection.template
M0208+3130,02:08:17,,+31:30:45,2020-08-01,23:00:30,2020-08-02,10:30:30,30,T,compound,0,-,300,1280,/opt/apertif/share/parsets/parset_start_observation_atdb_SubbandPhaseCorrection.template
S2121+3848,21:21:42,,+38:48:32,2020-08-02,18:10:30,2020-08-03,05:40:30,30,T,compound,0,-,300,1280,/opt/apertif/share/parsets/parset_start_observation_atdb_SubbandPhaseCorrection.template
S1239+3622,12:39:53,,+36:22:36,2020-08-03,09:25:33,2020-08-03,20:55:33,30,T,compound,0,-,300,1280,/opt/apertif/share/parsets/parset_start_observation_atdb_SubbandPhaseCorrection.template
M0208+3130,02:08:17,,+31:30:45,2020-08-03,22:51:33,2020-08-04,10:21:33,30,T,compound,0,-,300,1280,/opt/apertif/share/parsets/parset_start_observation_atdb_SubbandPhaseCorrection.template
S2123+4114,21:23:24,,+41:14:27,2020-08-04,18:03:33,2020-08-05,05:33:33,30,T,compound,0,-,300,1280,/opt/apertif/share/parsets/parset_start_observation_atdb_SubbandPhaseCorrection.template
M1243+3130,12:43:58,,+31:30:45,2020-08-05,09:22:35,2020-08-05,20:52:35,30,T,compound,0,-,300,1280,/opt/apertif/share/parsets/parset_start_observation_atdb_SubbandPhaseCorrection.template
M0208+3356,02:08:39,,+33:56:40,2020-08-05,22:44:35,2020-08-06,10:14:35,30,T,compound,0,-,300,1280,/opt/apertif/share/parsets/parset_start_observation_atdb_SubbandPhaseCorrection.template
S2128+3356,21:28:39,,+33:56:40,2020-08-06,18:00:35,2020-08-07,05:30:35,30,T,compound,0,-,300,1280,/opt/apertif/share/parsets/parset_start_observation_atdb_SubbandPhaseCorrection.template
M1256+3130,12:56:56,,+31:30:45,2020-08-07,09:27:32,2020-08-07,20:57:32,30,T,compound,0,-,300,1280,/opt/apertif/share/parsets/parset_start_observation_atdb_SubbandPhaseCorrection.template
S1047+6041,10:47:49,,+60:41:51,2020-08-20,06:47:46,2020-08-20,18:17:46,30,T,compound,0,-,300,1280,/opt/apertif/share/parsets/parset_start_observation_atdb_SubbandPhaseCorrection.template
S2233+2904,22:33:12,,+29:04:49,2020-08-20,18:29:39,2020-08-21,05:59:39,30,T,compound,0,-,300,1280,/opt/apertif/share/parsets/parset_start_observation_atdb_SubbandPhaseCorrection.template
S1348+3622,13:48:27,,+36:22:36,2020-08-21,09:34:32,2020-08-21,21:04:32,30,T,compound,0,-,300,1280,/opt/apertif/share/parsets/parset_start_observation_atdb_SubbandPhaseCorrection.template
M0209+3622,02:09:01,,+36:22:36,2020-08-21,21:42:32,2020-08-22,09:12:32,30,T,compound,0,-,300,1280,/opt/apertif/share/parsets/parset_start_observation_atdb_SubbandPhaseCorrection.template
S2130+2904,21:30:03,,+29:04:49,2020-08-22,16:59:41,2020-08-23,04:29:41,30,T,compound,0,-,300,1280,/opt/apertif/share/parsets/parset_start_observation_atdb_SubbandPhaseCorrection.template
M1309+3130,13:09:54,,+31:30:45,2020-08-23,08:36:19,2020-08-23,20:06:19,30,T,compound,0,-,300,1280,/opt/apertif/share/parsets/parset_start_observation_atdb_SubbandPhaseCorrection.template
M0209+3622,02:09:01,,+36:22:36,2020-08-23,21:34:19,2020-08-24,09:04:19,30,T,compound,0,-,300,1280,/opt/apertif/share/parsets/parset_start_observation_atdb_SubbandPhaseCorrection.template
S2130+4340,21:30:55,,+43:40:23,2020-08-24,16:53:28,2020-08-25,04:23:28,30,T,compound,0,-,300,1280,/opt/apertif/share/parsets/parset_start_observation_atdb_SubbandPhaseCorrection.template
S2220+2904,22:20:34,,+29:04:49,2020-09-09,16:49:03,2020-09-10,04:19:03,30,T,compound,0,-,300,1280,/opt/apertif/share/parsets/parset_start_observation_atdb_SubbandPhaseCorrection.template
M1328+3356,13:28:39,,+33:56:40,2020-09-10,07:53:51,2020-09-10,19:23:51,30,T,compound,0,-,300,1280,/opt/apertif/share/parsets/parset_start_observation_atdb_SubbandPhaseCorrection.template
S0221+3130,02:21:15,,+31:30:45,2020-09-10,20:35:51,2020-09-11,08:05:51,30,T,compound,0,-,300,1280,/opt/apertif/share/parsets/parset_start_observation_atdb_SubbandPhaseCorrection.template
S2135+3130,21:35:51,,+31:30:45,2020-09-11,15:47:51,2020-09-12,03:17:51,30,T,compound,0,-,300,1280,/opt/apertif/share/parsets/parset_start_observation_atdb_SubbandPhaseCorrection.template
S1326+5324,13:26:56,,+53:24:05,2020-09-12,07:34:42,2020-09-12,19:04:42,30,T,compound,0,-,300,1280,/opt/apertif/share/parsets/parset_start_observation_atdb_SubbandPhaseCorrection.template
S0221+3356,02:21:59,,+33:56:40,2020-09-12,20:28:42,2020-09-13,07:58:42,30,T,compound,0,-,300,1280,/opt/apertif/share/parsets/parset_start_observation_atdb_SubbandPhaseCorrection.template
S2207+2904,22:07:56,,+29:04:49,2020-09-13,16:10:42,2020-09-14,03:40:42,30,T,compound,0,-,300,1280,/opt/apertif/share/parsets/parset_start_observation_atdb_SubbandPhaseCorrection.template
M0141+3622,01:41:36,,+36:22:36,2020-09-17,19:33:00,2020-09-18,07:03:00,30,T,compound,0,-,300,1280,/opt/apertif/share/parsets/parset_start_observation_atdb_SubbandPhaseCorrection.template
M0142+3130,01:42:20,,+31:30:45,2020-09-18,19:25:18,2020-09-19,06:55:18,30,T,compound,0,-,300,1280,/opt/apertif/share/parsets/parset_start_observation_atdb_SubbandPhaseCorrection.template
M0141+3356,01:41:59,,+33:56:40,2020-09-19,19:20:36,2020-09-20,06:50:36,30,T,compound,0,-,300,1280,/opt/apertif/share/parsets/parset_start_observation_atdb_SubbandPhaseCorrection.template
M0208+3130,02:08:17,,+31:30:45,2020-09-20,19:43:54,2020-09-21,07:13:54,30,T,compound,0,-,300,1280,/opt/apertif/share/parsets/parset_start_observation_atdb_SubbandPhaseCorrection.template
M0208+3356,02:08:39,,+33:56:40,2020-09-21,19:39:12,2020-09-22,07:09:12,30,T,compound,0,-,300,1280,/opt/apertif/share/parsets/parset_start_observation_atdb_SubbandPhaseCorrection.template
M0142+3130,01:42:20,,+31:30:45,2020-09-24,19:01:43,2020-09-25,06:31:43,30,T,compound,0,-,300,1280,/opt/apertif/share/parsets/parset_start_observation_atdb_SubbandPhaseCorrection.template
S1630+5550,16:30:12,,+55:50:00,2020-09-25,10:06:14,2020-09-25,21:36:14,30,T,compound,0,-,300,1280,/opt/apertif/share/parsets/parset_start_observation_atdb_SubbandPhaseCorrection.template
S1044+5550,10:44:36,,+55:50:00,2020-09-26,03:58:14,2020-09-26,15:28:14,30,T,compound,0,-,300,1280,/opt/apertif/share/parsets/parset_start_observation_atdb_SubbandPhaseCorrection.template
S2250+5058,22:50:02,,+50:58:09,2020-09-26,16:02:14,2020-09-27,03:32:14,30,T,compound,0,-,300,1280,/opt/apertif/share/parsets/parset_start_observation_atdb_SubbandPhaseCorrection.template
S1349+3848,13:49:56,,+38:48:32,2020-09-27,07:06:54,2020-09-27,18:36:54,30,T,compound,0,-,300,1280,/opt/apertif/share/parsets/parset_start_observation_atdb_SubbandPhaseCorrection.template
M0141+3356,01:41:59,,+33:56:40,2020-09-27,18:48:53,2020-09-28,06:18:53,30,T,compound,0,-,300,1280,/opt/apertif/share/parsets/parset_start_observation_atdb_SubbandPhaseCorrection.template
S2307+5058,23:07:23,,+50:58:09,2020-09-28,16:12:19,2020-09-29,03:42:19,30,T,compound,0,-,300,1280,/opt/apertif/share/parsets/parset_start_observation_atdb_SubbandPhaseCorrection.template
S2232+5058,22:32:41,,+50:58:09,2020-09-29,15:32:11,2020-09-30,03:02:11,30,T,compound,0,-,300,1280,/opt/apertif/share/parsets/parset_start_observation_atdb_SubbandPhaseCorrection.template
S1334+3622,13:34:44,,+36:22:36,2020-09-30,06:36:54,2020-09-30,18:06:54,30,T,compound,0,-,300,1280,/opt/apertif/share/parsets/parset_start_observation_atdb_SubbandPhaseCorrection.template
M0141+3622,01:41:36,,+36:22:36,2020-09-30,18:36:54,2020-10-01,06:06:54,30,T,compound,0,-,300,1280,/opt/apertif/share/parsets/parset_start_observation_atdb_SubbandPhaseCorrection.template
S2310+5324,23:10:14,,+53:24:05,2020-10-01,16:02:20,2020-10-02,03:32:20,30,T,compound,0,-,300,1280,/opt/apertif/share/parsets/parset_start_observation_atdb_SubbandPhaseCorrection.template
S1415+3622,14:15:53,,+36:22:36,2020-10-02,07:07:06,2020-10-02,18:37:06,30,T,compound,0,-,300,1280,/opt/apertif/share/parsets/parset_start_observation_atdb_SubbandPhaseCorrection.template
M0142+3130,01:42:20,,+31:30:45,2020-10-02,18:48:44,2020-10-03,06:18:44,30,T,compound,0,-,300,1280,/opt/apertif/share/parsets/parset_start_observation_atdb_SubbandPhaseCorrection.template
S2324+3622,23:24:27,,+36:22:36,2020-10-03,16:08:16,2020-10-04,03:38:16,30,T,compound,0,-,300,1280,/opt/apertif/share/parsets/parset_start_observation_atdb_SubbandPhaseCorrection.template
S1429+3622,14:29:36,,+36:22:36,2020-10-04,07:13:02,2020-10-04,18:43:02,30,T,compound,0,-,300,1280,/opt/apertif/share/parsets/parset_start_observation_atdb_SubbandPhaseCorrection.template
M0208+3130,02:08:17,,+31:30:45,2020-10-04,18:54:50,2020-10-05,06:24:50,30,T,compound,0,-,300,1280,/opt/apertif/share/parsets/parset_start_observation_atdb_SubbandPhaseCorrection.template
S2325+4832,23:25:12,,+48:32:14,2020-10-05,16:02:00,2020-10-06,03:32:00,30,T,compound,0,-,300,1280,/opt/apertif/share/parsets/parset_start_observation_atdb_SubbandPhaseCorrection.template
S1418+3848,14:18:10,,+38:48:32,2020-10-06,07:06:35,2020-10-06,18:36:35,30,T,compound,0,-,300,1280,/opt/apertif/share/parsets/parset_start_observation_atdb_SubbandPhaseCorrection.template
M0208+3130,02:08:17,,+31:30:45,2020-10-06,18:48:32,2020-10-07,06:18:32,30,T,compound,0,-,300,1280,/opt/apertif/share/parsets/parset_start_observation_atdb_SubbandPhaseCorrection.template
S2324+5058,23:24:44,,+50:58:09,2020-10-07,15:53:42,2020-10-08,03:23:42,30,T,compound,0,-,300,1280,/opt/apertif/share/parsets/parset_start_observation_atdb_SubbandPhaseCorrection.template
S1432+3848,14:32:17,,+38:48:32,2020-10-08,06:58:30,2020-10-08,18:28:30,30,T,compound,0,-,300,1280,/opt/apertif/share/parsets/parset_start_observation_atdb_SubbandPhaseCorrection.template
M0208+3356,02:08:39,,+33:56:40,2020-10-08,18:40:16,2020-10-09,06:10:16,30,T,compound,0,-,300,1280,/opt/apertif/share/parsets/parset_start_observation_atdb_SubbandPhaseCorrection.template
S2328+3848,23:28:45,,+38:48:32,2020-10-09,15:49:26,2020-10-10,03:19:26,30,T,compound,0,-,300,1280,/opt/apertif/share/parsets/parset_start_observation_atdb_SubbandPhaseCorrection.template
S1518+5058,15:18:57,,+50:58:09,2020-10-10,07:36:25,2020-10-10,19:06:25,30,T,compound,0,-,300,1280,/opt/apertif/share/parsets/parset_start_observation_atdb_SubbandPhaseCorrection.template
S0234+4340,02:34:04,,+43:40:23,2020-10-10,19:17:53,2020-10-11,06:47:53,30,T,compound,0,-,300,1280,/opt/apertif/share/parsets/parset_start_observation_atdb_SubbandPhaseCorrection.template
S2328+5324,23:28:28,,+53:24:05,2020-10-11,15:40:41,2020-10-12,03:10:41,30,T,compound,0,-,300,1280,/opt/apertif/share/parsets/parset_start_observation_atdb_SubbandPhaseCorrection.template
M0142+3130,01:42:20,,+31:30:45,2020-10-29,16:44:24,2020-10-30,04:14:24,30,T,compound,0,-,300,1280,/opt/apertif/share/parsets/parset_start_observation_atdb_SubbandPhaseCorrection.template
M0141+3622,01:41:36,,+36:22:36,2020-10-31,16:35:00,2020-11-01,04:05:00,30,T,compound,0,-,300,1280,/opt/apertif/share/parsets/parset_start_observation_atdb_SubbandPhaseCorrection.template
M0141+3356,01:41:59,,+33:56:40,2020-11-01,16:32:18,2020-11-02,04:02:18,30,T,compound,0,-,300,1280,/opt/apertif/share/parsets/parset_start_observation_atdb_SubbandPhaseCorrection.template
M0141+3622,01:41:36,,+36:22:36,2020-11-02,16:27:36,2020-11-03,03:57:36,30,T,compound,0,-,300,1280,/opt/apertif/share/parsets/parset_start_observation_atdb_SubbandPhaseCorrection.template
M0208+3130,02:08:17,,+31:30:45,2020-11-03,16:50:54,2020-11-04,04:20:54,30,T,compound,0,-,300,1280,/opt/apertif/share/parsets/parset_start_observation_atdb_SubbandPhaseCorrection.template
M0208+3356,02:08:39,,+33:56:40,2020-11-04,16:46:12,2020-11-05,04:16:12,30,T,compound,0,-,300,1280,/opt/apertif/share/parsets/parset_start_observation_atdb_SubbandPhaseCorrection.template
M0208+3356,02:08:39,,+33:56:40,2020-11-05,16:43:30,2020-11-06,04:13:30,30,T,compound,0,-,300,1280,/opt/apertif/share/parsets/parset_start_observation_atdb_SubbandPhaseCorrection.template
M0141+3356,01:41:59,,+33:56:40,2020-11-06,16:19:42,2020-11-07,03:49:42,30,T,compound,0,-,300,1280,/opt/apertif/share/parsets/parset_start_observation_atdb_SubbandPhaseCorrection.template
S2117+2904,21:17:25,,+29:04:49,2020-11-07,11:44:39,2020-11-07,23:14:39,30,T,compound,0,-,300,1280,/opt/apertif/share/parsets/parset_start_observation_atdb_SubbandPhaseCorrection.template
S1215+6041,12:15:05,,+60:41:51,2020-11-08,02:49:18,2020-11-08,14:19:18,30,T,compound,0,-,300,1280,/opt/apertif/share/parsets/parset_start_observation_atdb_SubbandPhaseCorrection.template
S0149+3848,01:49:56,,+38:48:32,2020-11-08,16:13:18,2020-11-09,03:43:18,30,T,compound,0,-,300,1280,/opt/apertif/share/parsets/parset_start_observation_atdb_SubbandPhaseCorrection.template
S0204+3848,02:04:03,,+38:48:32,2020-11-10,16:19:16,2020-11-11,03:49:16,30,T,compound,0,-,300,1280,/opt/apertif/share/parsets/parset_start_observation_atdb_SubbandPhaseCorrection.template
S2329+4606,23:29:50,,+46:06:18,2020-11-11,13:40:29,2020-11-12,01:10:29,30,T,compound,0,-,300,1280,/opt/apertif/share/parsets/parset_start_observation_atdb_SubbandPhaseCorrection.template
S1536+5058,15:36:18,,+50:58:09,2020-11-12,05:45:27,2020-11-12,17:15:27,30,T,compound,0,-,300,1280,/opt/apertif/share/parsets/parset_start_observation_atdb_SubbandPhaseCorrection.template
S1041+5815,10:41:51,,+58:15:56,2020-11-13,00:47:27,2020-11-13,12:17:27,30,T,compound,0,-,300,1280,/opt/apertif/share/parsets/parset_start_observation_atdb_SubbandPhaseCorrection.template
S2332+4340,23:32:10,,+43:40:23,2020-11-13,13:35:27,2020-11-14,01:05:27,30,T,compound,0,-,300,1280,/opt/apertif/share/parsets/parset_start_observation_atdb_SubbandPhaseCorrection.template
S1553+5058,15:53:39,,+50:58:09,2020-11-14,05:54:41,2020-11-14,17:24:41,30,T,compound,0,-,300,1280,/opt/apertif/share/parsets/parset_start_observation_atdb_SubbandPhaseCorrection.template
S1232+5324,12:32:15,,+53:24:05,2020-11-15,02:28:41,2020-11-15,13:58:41,30,T,compound,0,-,300,1280,/opt/apertif/share/parsets/parset_start_observation_atdb_SubbandPhaseCorrection.template
S1250+5324,12:50:29,,+53:24:05,2020-11-16,02:44:41,2020-11-16,14:14:41,30,T,compound,0,-,300,1280,/opt/apertif/share/parsets/parset_start_observation_atdb_SubbandPhaseCorrection.template
S0228+4114,02:28:52,,+41:14:27,2020-11-16,16:20:41,2020-11-17,03:50:41,30,T,compound,0,-,300,1280,/opt/apertif/share/parsets/parset_start_observation_atdb_SubbandPhaseCorrection.template
S2104+2904,21:04:47,,+29:04:49,2020-11-17,10:55:00,2020-11-17,22:25:00,30,T,compound,0,-,300,1280,/opt/apertif/share/parsets/parset_start_observation_atdb_SubbandPhaseCorrection.template
S1153+6041,11:53:16,,+60:41:51,2020-11-18,01:56:31,2020-11-18,13:26:31,30,T,compound,0,-,300,1280,/opt/apertif/share/parsets/parset_start_observation_atdb_SubbandPhaseCorrection.template
S2349+2904,23:49:00,,+29:04:49,2020-11-18,13:38:33,2020-11-19,01:08:33,30,T,compound,0,-,300,1280,/opt/apertif/share/parsets/parset_start_observation_atdb_SubbandPhaseCorrection.template
S1509+5815,15:09:17,,+58:15:56,2020-11-19,04:49:33,2020-11-19,16:19:33,30,T,compound,0,-,300,1280,/opt/apertif/share/parsets/parset_start_observation_atdb_SubbandPhaseCorrection.template
S0246+3848,02:46:24,,+38:48:32,2020-11-19,16:31:19,2020-11-20,04:01:19,30,T,compound,0,-,300,1280,/opt/apertif/share/parsets/parset_start_observation_atdb_SubbandPhaseCorrection.template
S2107+3622,21:07:19,,+36:22:36,2020-11-20,10:43:19,2020-11-20,22:13:19,30,T,compound,0,-,300,1280,/opt/apertif/share/parsets/parset_start_observation_atdb_SubbandPhaseCorrection.template
S1213+6307,12:13:18,,+63:07:47,2020-11-21,01:48:05,2020-11-21,13:18:05,30,T,compound,0,-,300,1280,/opt/apertif/share/parsets/parset_start_observation_atdb_SubbandPhaseCorrection.template
S2358+3130,23:58:33,,+31:30:45,2020-11-21,13:29:58,2020-11-22,00:59:58,30,T,compound,0,-,300,1280,/opt/apertif/share/parsets/parset_start_observation_atdb_SubbandPhaseCorrection.template
S2109+3130,21:09:54,,+31:30:45,2020-11-22,10:37:58,2020-11-22,22:07:58,30,T,compound,0,-,300,1280,/opt/apertif/share/parsets/parset_start_observation_atdb_SubbandPhaseCorrection.template
S1235+3356,12:35:19,,+33:56:40,2020-11-23,02:01:11,2020-11-23,13:31:11,30,T,compound,0,-,300,1280,/opt/apertif/share/parsets/parset_start_observation_atdb_SubbandPhaseCorrection.template
M0208+3356,02:08:39,,+33:56:40,2020-11-23,15:41:11,2020-11-24,03:11:11,30,T,compound,0,-,300,1280,/opt/apertif/share/parsets/parset_start_observation_atdb_SubbandPhaseCorrection.template
S2122+3130,21:22:53,,+31:30:45,2020-11-24,10:43:11,2020-11-24,22:13:11,30,T,compound,0,-,300,1280,/opt/apertif/share/parsets/parset_start_observation_atdb_SubbandPhaseCorrection.template
S1239+5550,12:39:48,,+55:50:00,2020-11-25,01:58:13,2020-11-25,13:28:13,30,T,compound,0,-,300,1280,/opt/apertif/share/parsets/parset_start_observation_atdb_SubbandPhaseCorrection.template
S0128+3356,01:28:39,,+33:56:40,2020-11-25,14:44:13,2020-11-26,02:14:13,30,T,compound,0,-,300,1280,/opt/apertif/share/parsets/parset_start_observation_atdb_SubbandPhaseCorrection.template
S2334+4114,23:34:19,,+41:14:27,2020-11-26,12:46:13,2020-11-27,00:16:13,30,T,compound,0,-,300,1280,/opt/apertif/share/parsets/parset_start_observation_atdb_SubbandPhaseCorrection.template
S1611+5550,16:11:00,,+55:50:00,2020-11-27,05:21:25,2020-11-27,16:51:25,30,T,compound,0,-,300,1280,/opt/apertif/share/parsets/parset_start_observation_atdb_SubbandPhaseCorrection.template
S1253+3622,12:53:36,,+36:22:36,2020-11-28,01:59:25,2020-11-28,13:29:25,30,T,compound,0,-,300,1280,/opt/apertif/share/parsets/parset_start_observation_atdb_SubbandPhaseCorrection.template
S1300+6307,13:00:31,,+63:07:47,2020-11-29,02:04:25,2020-11-29,13:34:25,30,T,compound,0,-,300,1280,/opt/apertif/share/parsets/parset_start_observation_atdb_SubbandPhaseCorrection.template
S0135+3848,01:35:49,,+38:48:32,2020-11-29,14:35:25,2020-11-30,02:05:25,30,T,compound,0,-,300,1280,/opt/apertif/share/parsets/parset_start_observation_atdb_SubbandPhaseCorrection.template
S2338+3622,23:38:10,,+36:22:36,2020-11-30,12:34:56,2020-12-01,00:04:56,30,T,compound,0,-,300,1280,/opt/apertif/share/parsets/parset_start_observation_atdb_SubbandPhaseCorrection.template
S1225+3848,12:25:14,,+38:48:32,2020-12-17,00:17:03,2020-12-17,11:47:03,30,T,compound,0,-,300,1280,/opt/apertif/share/parsets/parset_start_observation_atdb_SubbandPhaseCorrection.template
S0127+3622,01:27:53,,+36:22:36,2020-12-17,13:17:03,2020-12-18,00:47:03,30,T,compound,0,-,300,1280,/opt/apertif/share/parsets/parset_start_observation_atdb_SubbandPhaseCorrection.template
S1239+3848,12:39:21,,+38:48:32,2020-12-19,00:22:22,2020-12-19,11:52:22,30,T,compound,0,-,300,1280,/opt/apertif/share/parsets/parset_start_observation_atdb_SubbandPhaseCorrection.template
S0159+4114,01:59:46,,+41:14:27,2020-12-19,13:40:22,2020-12-20,01:10:22,30,T,compound,0,-,300,1280,/opt/apertif/share/parsets/parset_start_observation_atdb_SubbandPhaseCorrection.template
S1101+5324,11:01:07,,+53:24:05,2020-12-20,22:38:00,2020-12-21,10:08:00,30,T,compound,0,-,300,1280,/opt/apertif/share/parsets/parset_start_observation_atdb_SubbandPhaseCorrection.template
S2248+3356,22:48:39,,+33:56:40,2020-12-21,10:22:00,2020-12-21,21:52:00,30,T,compound,0,-,300,1280,/opt/apertif/share/parsets/parset_start_observation_atdb_SubbandPhaseCorrection.template
S1337+5550,13:37:24,,+55:50:00,2020-12-22,01:26:32,2020-12-22,12:56:32,30,T,compound,0,-,300,1280,/opt/apertif/share/parsets/parset_start_observation_atdb_SubbandPhaseCorrection.template
S0234+3130,02:34:14,,+31:30:45,2020-12-22,14:04:32,2020-12-23,01:34:32,30,T,compound,0,-,300,1280,/opt/apertif/share/parsets/parset_start_observation_atdb_SubbandPhaseCorrection.template
S2101+3356,21:01:59,,+33:56:40,2020-12-23,08:29:20,2020-12-23,19:59:20,30,T,compound,0,-,300,1280,/opt/apertif/share/parsets/parset_start_observation_atdb_SubbandPhaseCorrection.template
S1201+5550,12:01:24,,+55:50:00,2020-12-23,23:34:00,2020-12-24,11:04:00,30,T,compound,0,-,300,1280,/opt/apertif/share/parsets/parset_start_observation_atdb_SubbandPhaseCorrection.template
S2341+3356,23:41:59,,+33:56:40,2020-12-24,11:15:49,2020-12-24,22:45:49,30,T,compound,0,-,300,1280,/opt/apertif/share/parsets/parset_start_observation_atdb_SubbandPhaseCorrection.template
S2115+3356,21:15:19,,+33:56:40,2020-12-25,08:34:00,2020-12-25,20:04:00,30,T,compound,0,-,300,1280,/opt/apertif/share/parsets/parset_start_observation_atdb_SubbandPhaseCorrection.template
S1214+5324,12:14:02,,+53:24:05,2020-12-25,23:38:40,2020-12-26,11:08:40,30,T,compound,0,-,300,1280,/opt/apertif/share/parsets/parset_start_observation_atdb_SubbandPhaseCorrection.template
S2355+3356,23:55:19,,+33:56:40,2020-12-26,11:20:30,2020-12-26,22:50:30,30,T,compound,0,-,300,1280,/opt/apertif/share/parsets/parset_start_observation_atdb_SubbandPhaseCorrection.template
S2342+3848,23:42:52,,+38:48:32,2020-12-27,10:52:30,2020-12-27,22:22:30,30,T,compound,0,-,300,1280,/opt/apertif/share/parsets/parset_start_observation_atdb_SubbandPhaseCorrection.template
S1435+4832,14:35:33,,+48:32:14,2020-12-28,01:57:05,2020-12-28,13:27:05,30,T,compound,0,-,300,1280,/opt/apertif/share/parsets/parset_start_observation_atdb_SubbandPhaseCorrection.template
S0235+3356,02:35:19,,+33:56:40,2020-12-28,13:41:05,2020-12-29,01:11:05,30,T,compound,0,-,300,1280,/opt/apertif/share/parsets/parset_start_observation_atdb_SubbandPhaseCorrection.template
S2345+4606,23:45:40,,+46:06:18,2020-12-29,10:47:05,2020-12-29,22:17:05,30,T,compound,0,-,300,1280,/opt/apertif/share/parsets/parset_start_observation_atdb_SubbandPhaseCorrection.template
S1452+4832,14:52:06,,+48:32:14,2020-12-30,01:51:51,2020-12-30,13:21:51,30,T,compound,0,-,300,1280,/opt/apertif/share/parsets/parset_start_observation_atdb_SubbandPhaseCorrection.template
S0236+3622,02:36:27,,+36:22:36,2020-12-30,13:33:43,2020-12-31,01:03:43,30,T,compound,0,-,300,1280,/opt/apertif/share/parsets/parset_start_observation_atdb_SubbandPhaseCorrection.template
S2347+4340,23:47:20,,+43:40:23,2020-12-31,10:41:43,2020-12-31,22:11:43,30,T,compound,0,-,300,1280,/opt/apertif/share/parsets/parset_start_observation_atdb_SubbandPhaseCorrection.template
S1508+4832,15:08:39,,+48:32:14,2021-01-01,02:00:45,2021-01-01,13:30:45,30,T,compound,0,-,300,1280,/opt/apertif/share/parsets/parset_start_observation_atdb_SubbandPhaseCorrection.template
S0248+3356,02:48:39,,+33:56:40,2021-01-01,13:42:34,2021-01-02,01:12:34,30,T,compound,0,-,300,1280,/opt/apertif/share/parsets/parset_start_observation_atdb_SubbandPhaseCorrection.template
S2348+4114,23:48:52,,+41:14:27,2021-01-02,10:34:34,2021-01-02,22:04:34,30,T,compound,0,-,300,1280,/opt/apertif/share/parsets/parset_start_observation_atdb_SubbandPhaseCorrection.template
S1525+4832,15:25:12,,+48:32:14,2021-01-03,02:09:34,2021-01-03,13:39:34,30,T,compound,0,-,300,1280,/opt/apertif/share/parsets/parset_start_observation_atdb_SubbandPhaseCorrection.template
S0250+3622,02:50:10,,+36:22:36,2021-01-03,13:51:10,2021-01-04,01:21:10,30,T,compound,0,-,300,1280,/opt/apertif/share/parsets/parset_start_observation_atdb_SubbandPhaseCorrection.template
S2351+3622,23:51:53,,+36:22:36,2021-01-04,10:31:10,2021-01-04,22:01:10,30,T,compound,0,-,300,1280,/opt/apertif/share/parsets/parset_start_observation_atdb_SubbandPhaseCorrection.template
S1404+3848,14:04:03,,+38:48:32,2021-01-07,00:33:03,2021-01-07,12:03:03,30,T,compound,0,-,300,1280,/opt/apertif/share/parsets/parset_start_observation_atdb_SubbandPhaseCorrection.template
S0207+2904,02:07:56,,+29:04:49,2021-01-07,12:35:03,2021-01-08,00:05:03,30,T,compound,0,-,300,1280,/opt/apertif/share/parsets/parset_start_observation_atdb_SubbandPhaseCorrection.template
S2052+2904,20:52:09,,+29:04:49,2021-01-08,07:23:16,2021-01-08,18:53:16,30,T,compound,0,-,300,1280,/opt/apertif/share/parsets/parset_start_observation_atdb_SubbandPhaseCorrection.template
S1204+5815,12:04:08,,+58:15:56,2021-01-08,22:28:07,2021-01-09,09:58:07,30,T,compound,0,-,300,1280,/opt/apertif/share/parsets/parset_start_observation_atdb_SubbandPhaseCorrection.template
S2351+5550,23:51:48,,+55:50:00,2021-01-09,10:10:07,2021-01-09,21:40:07,30,T,compound,0,-,300,1280,/opt/apertif/share/parsets/parset_start_observation_atdb_SubbandPhaseCorrection.template
S2056+3130,20:56:56,,+31:30:45,2021-01-10,07:14:24,2021-01-10,18:44:24,30,T,compound,0,-,300,1280,/opt/apertif/share/parsets/parset_start_observation_atdb_SubbandPhaseCorrection.template
S1143+5815,11:43:34,,+58:15:56,2021-01-10,22:18:54,2021-01-11,09:48:54,30,T,compound,0,-,300,1280,/opt/apertif/share/parsets/parset_start_observation_atdb_SubbandPhaseCorrection.template
S2356+3848,23:56:59,,+38:48:32,2021-01-11,10:08:54,2021-01-11,21:38:54,30,T,compound,0,-,300,1280,/opt/apertif/share/parsets/parset_start_observation_atdb_SubbandPhaseCorrection.template
S2043+3130,20:43:58,,+31:30:45,2021-01-12,07:07:00,2021-01-12,18:37:00,30,T,compound,0,-,300,1280,/opt/apertif/share/parsets/parset_start_observation_atdb_SubbandPhaseCorrection.template
S1220+5550,12:20:36,,+55:50:00,2021-01-12,22:26:34,2021-01-13,09:56:34,30,T,compound,0,-,300,1280,/opt/apertif/share/parsets/parset_start_observation_atdb_SubbandPhaseCorrection.template
S2359+5058,23:59:26,,+50:58:09,2021-01-13,10:08:22,2021-01-13,21:38:22,30,T,compound,0,-,300,1280,/opt/apertif/share/parsets/parset_start_observation_atdb_SubbandPhaseCorrection.template
S2039+2904,20:39:31,,+29:04:49,2021-01-14,06:58:24,2021-01-14,18:28:24,30,T,compound,0,-,300,1280,/opt/apertif/share/parsets/parset_start_observation_atdb_SubbandPhaseCorrection.template
S1224+5815,12:24:42,,+58:15:56,2021-01-14,22:22:02,2021-01-15,09:52:02,30,T,compound,0,-,300,1280,/opt/apertif/share/parsets/parset_start_observation_atdb_SubbandPhaseCorrection.template
S0115+3356,01:15:19,,+33:56:40,2021-01-15,11:10:02,2021-01-15,22:40:02,30,T,compound,0,-,300,1280,/opt/apertif/share/parsets/parset_start_observation_atdb_SubbandPhaseCorrection.template
S0114+3622,01:14:10,,+36:22:36,2021-01-16,11:06:02,2021-01-16,22:36:02,30,T,compound,0,-,300,1280,/opt/apertif/share/parsets/parset_start_observation_atdb_SubbandPhaseCorrection.template
S1611+5058,16:11:00,,+50:58:09,2021-01-17,02:10:43,2021-01-17,13:40:43,30,T,compound,0,-,300,1280,/opt/apertif/share/parsets/parset_start_observation_atdb_SubbandPhaseCorrection.template
M1309+3130,13:09:54,,+31:30:45,2021-01-17,22:54:43,2021-01-18,10:24:43,30,T,compound,0,-,300,1280,/opt/apertif/share/parsets/parset_start_observation_atdb_SubbandPhaseCorrection.template